feature,variable,mean_coefficient,sd_coefficient,cv,sign_agreement,mean_rank,sd_rank,lo,hi
Sub-grade (target-encoded),sub_grade_te,0.32766469765867584,0.03524022258630478,0.10754964705723065,1.0,2.44,1.4992125236119038,0.2627665305657068,0.3962225301932276
Debt-to-income (reported),dti,0.30028926633520137,0.11628271807889451,0.3872356794434756,1.0,4.505,3.372960019994665,0.12490859403191343,0.5074828647262617
Interest rate,int_rate,0.23280678345939126,0.055727697247636314,0.23937316782419682,1.0,5.845,3.374598431349176,0.11144701976539334,0.3383499571738545
Loan amount,loan_amnt,-0.2728350638449706,0.13355525636628043,0.48950913597443163,0.98,6.345,7.8481809818338215,-0.5635663290592576,-0.022924214537192754
Loan-to-income,loan_to_income,0.25208355240775615,0.12360726523487942,0.49034244421841244,0.965,6.69,6.681851216421386,-0.029268385310601924,0.4861787966493328
"Credit inquiries, 6 months",inq_last_6mths,0.20950733235476884,0.03279470190931685,0.15653247807949747,1.0,7.02,2.6561013481904823,0.1441435293504153,0.2707826387732159
Interest rate x Debt-to-income (reported),int_rate_x_dti,-0.1910914688288466,0.054303982441016134,0.2841779529658342,1.0,8.57,4.039391466184656,-0.3003058733980737,-0.07695187060104056
Purpose (target-encoded),purpose_te,0.18362669117267838,0.012747549684864053,0.0694210063006393,1.0,8.655,2.209157505571323,0.15939218222615453,0.20884977213862543
State (target-encoded),addr_state_te,0.18375054596252113,0.012574078909945973,0.06843015809330252,1.0,8.805,2.3289687583535623,0.16076543953143693,0.21150308132137124
No public record,no_public_record,-0.15319752390970215,0.06667043919374163,0.43519266821204367,0.985,12.295,7.3449107256548185,-0.2708013350235081,-0.033515945821839435
Monthly installment,installment,0.15910804520325894,0.13130271486126857,0.8252424614577513,0.89,13.53,9.883192168382942,-0.08995102153526208,0.4399743772486469
Interest rate x Loan-to-income,int_rate_x_loan_to_income,0.13708482741734201,0.05812231491338189,0.4239879497125813,0.995,13.72,6.824549242390229,0.0308658114125429,0.2516430998303444
Payment-to-income,installment_to_income,-0.14698623135483588,0.13128679435100352,0.893191104642089,0.865,13.945,10.943067606627315,-0.3795646408067973,0.10801543643576005
Log revolving balance,log_revol_bal,-0.11353614746483225,0.017881094740144127,0.15749252673632233,1.0,14.265,2.2156988983253574,-0.1449600692132581,-0.0771957123417692
Log annual income,log_annual_inc,-0.10420410139544621,0.036469332214317134,0.3499798158224017,1.0,16.39,5.596831479780799,-0.175795091570155,-0.034429647170025245
Total debt burden,total_debt_burden,-0.0985879672245054,0.14114977540963383,1.4317140253861438,0.595,18.935,13.470264105628251,-0.36084176640942195,0.07677786548523662
Term (months),term_months,0.07547940080304477,0.017994828580207574,0.23840714670169558,1.0,19.375,3.916769127994405,0.0420713362663682,0.11384501744853084
Months since delinquency,months_since_delinq,0.06323555043279402,0.09426387468370434,1.4906784876315238,0.755,20.58,10.9196977519973,-0.1272552955502396,0.2522613609895898
Employment length missing,emp_length_missing,0.06174712874456119,0.013542126085931866,0.2193158833660696,1.0,22.59,4.09091406527285,0.036132168851758815,0.08706808674894222
Open accounts,open_acc,0.06591856024061639,0.03125891957422566,0.4742051322135092,0.985,22.66,7.307626634905199,0.009332490758550596,0.12342715992703045
Never delinquent,never_delinquent,-0.006774335777207607,0.08943172669893695,13.20154914668267,0.57,24.05,10.525274677421768,-0.17837277625446002,0.17227494784134986
Grade: E,grade=E,-0.054566531597967566,0.009458512099706206,0.1733390747536262,1.0,24.23,3.0253701131610393,-0.07339420276477542,-0.03680297046350084
Grade: D,grade=D,-0.05405181342412821,0.012450034349192058,0.23033518323428687,1.0,24.4,3.806896677289494,-0.0783560761397163,-0.02957152022078746
Public records,pub_rec,-0.059959697130778034,0.03051223375142386,0.5088790506208472,0.975,24.45,8.377254440435662,-0.11760612547695269,-0.00017073475165580164
Credit utilization x Credit age (years),revol_util_x_credit_age_years,0.062277673124433004,0.04030929150332498,0.6472510850362952,0.955,24.605,9.714982212901107,-0.01074640825252127,0.14751411261355019
Employment length (years),emp_length_years,0.04870552843131026,0.014180492037154728,0.29114748353779946,1.0,26.585,4.84459757133043,0.019137275324424836,0.07554419903021403
Grade: B,grade=B,0.043260758744676234,0.004999592006257014,0.1155687544863571,1.0,28.2,2.465847118142212,0.03324260128456148,0.05352056814473939
Credit utilization,revol_util,0.04529799620355693,0.03065415340141491,0.6767220621341272,0.925,28.23,9.261532265208468,-0.02083355394774891,0.0959964293396526
Months since public record,months_since_record,0.03430577576937229,0.048599825610075885,1.4166659846667895,0.735,28.785,10.198964131064178,-0.05675258829127333,0.12894803055492185
Revolving balance,revol_bal,0.04219181000405935,0.025597438882586625,0.6066921253229915,0.94,28.83,7.199322972077403,-0.018249503245591478,0.08960834449025516
"Credit inquiries, 6 months x Open-account share",inq_last_6mths_x_open_acc_ratio,-0.04254427618846676,0.033018616988812,0.7761000996360339,0.88,28.91,9.085407151888015,-0.10655011321601038,0.020063679532534306
Revolving-to-income,revol_bal_to_income,0.041646157862116784,0.02546812445469906,0.6115359918439441,0.955,29.03,7.678142310919593,-0.015030708770120114,0.0929864919852148
Grade: A,grade=A,0.037631257864511374,0.019335497085491253,0.5138147960694621,0.985,30.955,6.712545443545116,0.0008108863520598723,0.0745133209086234
Annual income,annual_inc,-0.039479676210597746,0.04160218837499996,1.0537621472141774,0.865,31.215,10.949347746802182,-0.13279790906848563,0.017153021415761378
Grade: F,grade=F,-0.029268963281668725,0.006436538169521624,0.21991001551984776,1.0,33.235,2.365959386611587,-0.041443663736017045,-0.017905625643164457
Open-account share,open_acc_ratio,0.028224549649324464,0.026192914054244378,0.928018848119027,0.84,33.36,8.407964637576306,-0.01824920589478302,0.07457128660261703
Total accounts,total_acc,-0.02209260075193766,0.03796426731294475,1.718415488480461,0.72,33.59,9.370213686069976,-0.09717201729973741,0.051387255735378536
Credit age (years),credit_age_years,-0.018023941774920775,0.03151099869423232,1.748285646266233,0.71,34.795,8.551527237309852,-0.08511290223182101,0.04552987627696423
Grade: G,grade=G,-0.018679248925660488,0.0068807620887992105,0.3683639591818283,0.995,38.185,3.2809446795015833,-0.031563342683936145,-0.006978227970511905
Verification status: Verified,verification_status=Verified,-0.01785213980396817,0.009384249551638892,0.5256652510391479,0.975,38.27,4.497581706431819,-0.03669331631592618,-0.0014922782367073483
Home ownership: Other,home_ownership=OTHER,0.011520563320233879,0.012427710813428128,1.078741591706805,0.815,40.555,4.765556382857195,-0.01600203343269893,0.03325426225369402
"Delinquencies, 2 years",delinq_2yrs,0.007471061314039073,0.017019130702750223,2.278007097970019,0.635,40.57,5.354291943016862,-0.026141239900170088,0.04252244244654654
Grade: C,grade=C,-0.013333592370806852,0.007815346700635618,0.5861396151382937,0.945,41.055,3.864797315701987,-0.028106791528530402,0.002014266778327469
Verification status: Source Verified,verification_status=Source Verified,0.011868604944811418,0.009549122449421896,0.8045699131300577,0.905,41.2,4.495670725974258,-0.006496760189226426,0.033074184213629725
Home ownership: Own,home_ownership=OWN,-0.009450121807569406,0.011477321118547162,1.214515680565514,0.775,41.425,4.633760208334232,-0.028036022826580236,0.0116645495203264
Home ownership: Rent,home_ownership=RENT,0.009511195856631998,0.007504987653340455,0.789068773944693,0.895,42.46,3.675041448506562,-0.005792799646477746,0.023398286379311822
Home ownership: Mortgage,home_ownership=MORTGAGE,-0.005676792816082854,0.008453405691784523,1.4891164722156638,0.715,43.72,3.484581977481509,-0.02039082388180508,0.009359622164233567
Verification status: Not Verified,verification_status=Not Verified,0.006298774098909259,0.007739112531421161,1.2286696442663851,0.815,43.945,3.5062005377695207,-0.009378972017509096,0.021995381601707595
