model,method,roc_auc,pr_auc,brier,log_loss,ece,mean_predicted,threshold,tp,fp,tn,fn,accuracy,precision,recall,specificity,f1,balanced_accuracy,g_mean,mcc,roc_auc_fold_sd,f1_fold_sd
Gradient boosting,None,0.6769240684460208,0.23883590678224703,0.11059837582219426,0.37066623398399534,0.005605152721752327,0.13373949449754224,0.5,43,42,47389,7297,0.8660057329608735,0.5058823529411764,0.005858310626702997,0.9991145031730303,0.011582491582491583,0.5024864068998667,0.07650570639652737,0.043036191025061066,0.00827973217814588,0.004288262357312267
Gradient boosting,Class weight,0.6761686975435477,0.2378603355872784,0.21450142149353288,0.61454883938466,0.30850466325667875,0.4425171881329819,0.5,4452,16974,30457,2888,0.6373628379982107,0.20778493419210306,0.6065395095367847,0.6421327823575299,0.30953208649099634,0.6243361459471573,0.6240824487747009,0.17358838249485622,0.007935196087304341,0.008059901569274216
Gradient boosting,Random over,0.6635550325018238,0.22817597713134918,0.1918662617575965,0.5629569841325576,0.2598580711094505,0.39387059598575364,0.5,3554,12791,34640,3786,0.6973398331233682,0.2174365249311716,0.48419618528610353,0.7303240496721554,0.30010555203715433,0.6072601174791294,0.5946596664260629,0.15971377794087924,0.006019898791134628,0.009045820551741239
Gradient boosting,Random under,0.6730245289055198,0.23071641211453547,0.22774853575078288,0.6448927635058254,0.32889915240808015,0.46291167728438337,0.5,4703,18567,28864,2637,0.6128608205072027,0.20210571551353673,0.6407356948228883,0.6085471527060361,0.3072852009147337,0.6246414237644622,0.6244340499376955,0.1717952712257772,0.007183876499101434,0.005756017211394552
Gradient boosting,SMOTE,0.6672205694237499,0.23069045916261158,0.11268098630627017,0.3765156863274626,0.02250421644689906,0.15532367534140148,0.5,192,307,47124,7148,0.8638878238483869,0.3847695390781563,0.026158038147138966,0.9935274398600071,0.04898584003061615,0.509842739003573,0.16121020027308253,0.07058086060087294,0.007450080559315688,0.005518719081523163
Gradient boosting,ADASYN,0.6679893931106693,0.23049154959459914,0.11245293109060046,0.376128657201036,0.021338670218964757,0.15453436710212554,0.5,147,242,47189,7193,0.8642529805919191,0.37789203084832906,0.02002724795640327,0.9948978516160317,0.03803855608746281,0.5074625497862175,0.1411561757969065,0.060547193758988996,0.008386329862102462,0.005160037794871534
Gradient boosting,Tomek links,0.6788235478963649,0.23950798530186437,0.11070522836075103,0.37062008556563875,0.008571178626508158,0.1411865338268091,0.5,82,106,47325,7258,0.8655492870314583,0.43617021276595747,0.0111716621253406,0.9977651746747908,0.021785334750265676,0.5044684184000657,0.1055779115719676,0.05205415154965981,0.009067133479041813,0.006396256991648912
Gradient boosting,ENN,0.6783472213788599,0.23923444884542616,0.11945898731966144,0.391459509250226,0.06465580787791925,0.1986683327542224,0.5,823,1733,45698,6517,0.8493728432929835,0.32198748043818465,0.11212534059945505,0.9634627142586072,0.16632983023443815,0.5377940274290312,0.32867702230475704,0.12208274175432303,0.00936902815429153,0.005214340675636133
Gradient boosting,SMOTE-Tomek,0.6687628183478573,0.23177291365571334,0.11250453201528644,0.3760117958074981,0.022197194094309185,0.1547477719241615,0.5,171,289,47142,7169,0.8638330503368571,0.3717391304347826,0.02329700272479564,0.993906938500137,0.04384615384615385,0.5086019706124664,0.15216784369383363,0.064222070826226,0.01002950265865897,0.0046825556332759
Gradient boosting,SMOTE-ENN,0.6724949542364049,0.23445306842654737,0.1536675542828851,0.47283858608492796,0.15350846094617793,0.2875209858224811,0.5,2466,7143,40288,4874,0.780595570648701,0.25663440524508274,0.3359673024523161,0.8494022896417954,0.29099061891557026,0.5926847960470558,0.534201643527774,0.16603207091064495,0.009645972471076965,0.010624635909545084
Logistic regression,None,0.6784376984274934,0.24217788122222578,0.11047038802053896,0.37027790114905085,0.005557152638822039,0.13397020591363876,0.5,70,95,47336,7270,0.8655310291942816,0.42424242424242425,0.009536784741144414,0.9979970905104256,0.01865423051299134,0.5037669376257851,0.09755861532681953,0.04683121665937535,0.008513901994338515,0.004676164563696845
Logistic regression,Class weight,0.6786409766500335,0.2424653682961891,0.22505262352405542,0.6408372772612989,0.32703014670417896,0.46104267158048207,0.5,4628,18017,29414,2712,0.6215332931660915,0.20437182601015677,0.6305177111716621,0.6201429444877823,0.3086876771719193,0.6253303278297222,0.6253088116744331,0.1734007021833102,0.008333856090292071,0.007645997650332232
Logistic regression,Random over,0.6786741842172341,0.24247519498053424,0.22512479093162424,0.641124524605814,0.3273969188673712,0.4614094437436743,0.5,4636,18023,29408,2704,0.6215698088404448,0.20459861423716846,0.6316076294277929,0.6200164449410723,0.30907696923230776,0.6258120371844327,0.6257852003646925,0.1740513168765876,0.008333533370182129,0.007544006971656877
Logistic regression,Random under,0.6781190080390405,0.242193411676986,0.2252742987760024,0.6414383265462852,0.32741771918309914,0.4614302440594023,0.5,4624,18045,29386,2716,0.6209490423764401,0.2039790021615422,0.6299727520435967,0.6195526132698025,0.30817421440234594,0.6247626826566997,0.6247409581717687,0.1725884165152083,0.007985318105339556,0.005889623391562726
Logistic regression,SMOTE,0.6752267326287312,0.23879045809869842,0.226074847565694,0.6423181490628238,0.32559061936006584,0.45960314423636894,0.5,4634,18390,29041,2706,0.6148326669222763,0.20126824183460737,0.6313351498637603,0.6122788893339799,0.30522987748649716,0.6218070195988701,0.6217340141540311,0.1681278846422711,0.008293193215223269,0.0075150277975880395
Logistic regression,ADASYN,0.6736742293135757,0.23668461986250552,0.23276818557005627,0.6567433740897547,0.3383481750569936,0.47236069993329677,0.5,4831,19725,27706,2509,0.5940552482152964,0.19673399576478254,0.658174386920981,0.5841327401910144,0.3029219964885879,0.6211535635559977,0.6200493594510791,0.16597980396778372,0.007353719129638306,0.005677966716139335
Logistic regression,Tomek links,0.6785320244632429,0.24214867091145786,0.11062228701011467,0.37064100562456365,0.00902980202357304,0.14127126217117372,0.5,108,136,47295,7232,0.8654762556827518,0.4426229508196721,0.014713896457765668,0.997132676941241,0.02848101265822785,0.5059232866995034,0.1211268218156826,0.06059980195788533,0.008506665993986697,0.005806169010313795
Logistic regression,ENN,0.6791985483918501,0.24300887180684522,0.11862869043812409,0.39058958662983345,0.06431802171867816,0.1983305465949814,0.5,759,1455,45976,6581,0.8532800204487776,0.3428184281842818,0.10340599455040872,0.9693238599228353,0.15888633033284488,0.536364927236622,0.3165973748734532,0.12580207287074,0.009006628355387748,0.013115575123512744
Logistic regression,SMOTE-Tomek,0.6752339164472219,0.23880580056546438,0.2260800414032309,0.6423327213155982,0.32554761047396835,0.45956013535027146,0.5,4634,18388,29043,2706,0.6148691825966296,0.20128572669620362,0.6313351498637603,0.6123210558495499,0.30524998353204663,0.621828102856655,0.6217554226217182,0.16815899272192927,0.008292134669422762,0.0074983910564970545
Logistic regression,SMOTE-ENN,0.6764435554369327,0.23952520381568967,0.36239973880439696,1.0016506272962376,0.4754792468322527,0.6094917717085558,0.5,6344,31311,16120,996,0.4101440543353234,0.16847696189085115,0.8643051771117166,0.3398621154940861,0.2819868874319369,0.6020836463029013,0.5419820900414319,0.15005583070037495,0.008791183816878361,0.0012391288071937465
