scaling,model,roc_auc,brier
standard,Logistic regression,0.673369705676242,0.11064356812793821
standard,Gradient boosting,0.6769049726882184,0.11054376806404327
minmax,Logistic regression,0.6739025437372544,0.11059953951025928
minmax,Gradient boosting,0.6769906151949728,0.11064324291775206
robust,Logistic regression,0.673376695305696,0.1106477490162057
robust,Gradient boosting,0.6769049726882184,0.11054376806404327
standard,Logistic regression + SMOTE,0.6682414442557192,0.22683756626159404
minmax,Logistic regression + SMOTE,0.6702892493181749,0.2268925425331895
robust,Logistic regression + SMOTE,0.6677341879257732,0.22679292290118705
