model,method,fold,roc_auc,pr_auc,brier,log_loss,ece,mean_predicted,threshold,tp,fp,tn,fn,accuracy,precision,recall,specificity,f1,balanced_accuracy,g_mean,mcc
Logistic regression,None,1,0.6774293748881662,0.23800433340282864,0.11076306778310775,0.3710829626139726,0.006897985613741398,0.13440832158294785,0.5,18,23,9464,1450,0.8655408489274304,0.43902439024390244,0.01226158038147139,0.9975756298092127,0.023856858846918492,0.504918605095342,0.1105977114207279,0.05488017985848834
Gradient boosting,None,1,0.6801008924014477,0.2390390245365877,0.11051336784952977,0.3700882714161696,0.00690068128618671,0.133987846660263,0.5,7,14,9473,1461,0.8653582838886353,0.3333333333333333,0.004768392370572207,0.9985242964056077,0.009402283411685697,0.50164634438809,0.06900257703022027,0.025643599130264653
Logistic regression,Class weight,1,0.6782051388835834,0.2389523361030877,0.22563044570140117,0.6421423065176897,0.327045589086041,0.4610483275616229,0.5,938,3636,5851,530,0.6197170241898676,0.20507214691735898,0.6389645776566758,0.616738695056393,0.3104932141674942,0.6278516363565344,0.6277532794109781,0.17663278320562006
Gradient boosting,Class weight,1,0.6795024828181631,0.23724220761154408,0.21448947998980905,0.6141433032331383,0.3083745927083944,0.4423773311839764,0.5,900,3430,6057,568,0.6350524874486536,0.20785219399538107,0.6130790190735694,0.6384526193738801,0.3104518799586064,0.6257658192237248,0.6256371996698161,0.17526016182710938
Logistic regression,Random over,1,0.677653114300395,0.23843007128891286,0.22576301824789835,0.6426482110709248,0.32755784733317983,0.46156058580876175,0.5,934,3642,5845,534,0.6188041989958923,0.20410839160839161,0.6362397820163488,0.6161062506587962,0.30906684315023164,0.6261730163375725,0.6260920911639616,0.17430291506157414
Gradient boosting,Random over,1,0.6671889885743549,0.23286469200347018,0.19147800951355776,0.5621522257332825,0.25978640956995563,0.3937891480455375,0.5,734,2554,6933,734,0.6998630762209037,0.2232360097323601,0.5,0.7307895014229999,0.3086627417998318,0.6153947507115,0.6044789084091354,0.17153979667112093
Logistic regression,Random under,1,0.6773679829762742,0.23902287942561187,0.22568176918097432,0.6431695905619063,0.3278137682727806,0.46181650674836255,0.5,931,3611,5876,537,0.6213601095390233,0.20497578159401145,0.6341961852861036,0.6193738800463793,0.30981697171381034,0.6267850326662414,0.6267412161261348,0.17533607311218682
Gradient boosting,Random under,1,0.6761490483607426,0.22660460518715164,0.22927995812845478,0.6481131063856652,0.3295449271348201,0.4635476656104021,0.5,956,3730,5757,512,0.612779552715655,0.20401195049082374,0.6512261580381471,0.6068303994940445,0.31069223269418267,0.6290282787660958,0.6286364844989992,0.1776814544349388
Logistic regression,SMOTE,1,0.67501706766954,0.23445825779558244,0.22628291918991092,0.642961343167618,0.32515612611371564,0.4591588645892976,0.5,936,3668,5819,532,0.6166134185303515,0.20330147697654213,0.6376021798365122,0.6133656582692105,0.308300395256917,0.6254839190528614,0.6253665171315985,0.17320356782126786
Gradient boosting,SMOTE,1,0.6688622951412933,0.2254517292230691,0.11298529714165782,0.3769470648101414,0.023660454235205144,0.15595591968328998,0.5,32,72,9415,1436,0.8623459607485167,0.3076923076923077,0.021798365122615803,0.9924106672288394,0.04071246819338422,0.5071045161757276,0.1470813722938191,0.0499160751355692
Logistic regression,ADASYN,1,0.6735461030999254,0.23225870379108798,0.2330327060110756,0.6574564395699614,0.33831037431265815,0.47231311278824,0.5,977,3932,5555,491,0.596257416704701,0.19902220411489102,0.6655313351498637,0.5855381047749552,0.3064136741414458,0.6255347199624095,0.62425472096893,0.17198506876547612
Gradient boosting,ADASYN,1,0.6656941134706348,0.22661196677311296,0.11293172166314829,0.3773723175396948,0.023092462738958985,0.15531658091024092,0.5,36,61,9426,1432,0.8637151985394796,0.3711340206185567,0.02452316076294278,0.9935701486244334,0.04600638977635783,0.509046654693688,0.1560944601322479,0.06579375931711562
Logistic regression,Tomek links,1,0.6777873866690945,0.23784731330659553,0.11096529078516414,0.37151345270530123,0.011734931913925436,0.14166500103339233,0.5,21,31,9456,1447,0.8650844363304427,0.40384615384615385,0.01430517711171662,0.996732370612417,0.02763157894736842,0.5055187738620668,0.11940868098505987,0.05470479496325739
Gradient boosting,Tomek links,1,0.6838308639184728,0.24422770226483514,0.1103564834449069,0.369334195621105,0.008993206227986914,0.14136801099700214,0.5,11,28,9459,1457,0.8644454586946599,0.28205128205128205,0.007493188010899182,0.9970485928112154,0.014598540145985401,0.5022708904110573,0.08643536638400337,0.02597703522173829
Logistic regression,ENN,1,0.6783109771036172,0.23874291283436747,0.1192317963286253,0.391853365970192,0.0648370384189169,0.19883977689449883,0.5,139,302,9185,1329,0.8511182108626199,0.31519274376417233,0.0946866485013624,0.9681669653209656,0.14562598218962808,0.531426806911164,0.30277464414309363,0.10893174227536093
Gradient boosting,ENN,1,0.677516113402278,0.23671362282087008,0.12012978312970952,0.39296914489650636,0.06499126520340873,0.19899400367899064,0.5,164,375,9112,1304,0.8467366499315381,0.3042671614100185,0.11171662125340599,0.9604722251502056,0.1634280019930244,0.5360944232018058,0.3275678735796928,0.11369797023085527
Logistic regression,SMOTE-Tomek,1,0.6749989014078925,0.23445901458239113,0.2262855139199534,0.6429608704833295,0.325110689248519,0.4591134277241009,0.5,936,3670,5817,532,0.6164308534915564,0.2032132001736865,0.6376021798365122,0.6131548434700116,0.3081988804741521,0.625378511653262,0.6252590381384302,0.17304774864713587
Gradient boosting,SMOTE-Tomek,1,0.670613436600034,0.23301162836074255,0.11242735517614025,0.375936833396437,0.023673205740527586,0.15508505164146277,0.5,34,50,9437,1434,0.8645367412140575,0.40476190476190477,0.02316076294277929,0.9947296300200275,0.04381443298969072,0.5089451964814034,0.15178503599845541,0.0698671402078594
Logistic regression,SMOTE-ENN,1,0.676263502989463,0.23538979530510504,0.3601066792336431,0.9967001969143507,0.47296158561852114,0.6069643240941032,0.5,1265,6225,3262,203,0.4132359653126426,0.16889185580774366,0.861716621253406,0.34383893749341204,0.2824291136414378,0.602777779373409,0.5443268572027142,0.1505789191489617
Gradient boosting,SMOTE-ENN,1,0.6728546363028254,0.23142817886237782,0.15324425006982612,0.47175427965159883,0.1531646932888734,0.2865305107711163,0.5,507,1432,8055,961,0.7815609310816979,0.26147498710675604,0.34536784741144416,0.8490566037735849,0.29762254182565306,0.5972122255925145,0.541513482358246,0.1735331713795966
Logistic regression,None,2,0.6895964137024533,0.24781510915912433,0.10989308955447535,0.3678122382175332,0.0067375459774907265,0.13388211680469325,0.5,11,17,9469,1457,0.865437283184225,0.39285714285714285,0.007493188010899182,0.9982078853046595,0.014705882352941175,0.5028505366577793,0.0864856020303374,0.0384637479622781
Gradient boosting,None,2,0.6878250523789252,0.2433081767513022,0.11008859243429273,0.36832541350872733,0.00928172565065468,0.1338936809922143,0.5,7,8,9478,1461,0.8658937374475077,0.4666666666666667,0.004768392370572207,0.999156651908075,0.009440323668240054,0.5019625221393236,0.06902442289483438,0.036158858158480606
Logistic regression,Class weight,2,0.6893000498080923,0.24699787296398534,0.22429342343634645,0.6391167231577801,0.32785061975024277,0.46186559145007844,0.5,958,3584,5902,510,0.6262552492240278,0.21092029942756496,0.6525885558583107,0.622180054817626,0.31880199667221304,0.6373843053379683,0.6372029374204728,0.1899990300908241
Gradient boosting,Class weight,2,0.6866665977281305,0.24173266167927773,0.2109228228869402,0.6067539161858104,0.3039069751744164,0.43792194687425207,0.5,915,3289,6197,553,0.6492605440934819,0.2176498572787821,0.6232970027247956,0.6532785157073582,0.3226375176304655,0.6382877592160769,0.6381116993010704,0.19374704301631615
Logistic regression,Random over,2,0.689260625582746,0.24669939029335464,0.22498044395672898,0.640743544868965,0.3294827033275539,0.4634976750273896,0.5,965,3626,5860,503,0.623060069381048,0.2101938575473753,0.6573569482288828,0.61775247733502,0.318534411619079,0.6375547127819514,0.6372471131843446,0.18994394336866796
Gradient boosting,Random over,2,0.6693913904960185,0.2272795005340342,0.19082275610080005,0.560882946654232,0.26066933905766226,0.39468431075749794,0.5,718,2490,6996,750,0.7042176373927332,0.2238154613466334,0.4891008174386921,0.7375079063883618,0.30710008554319934,0.613304361913527,0.6005961370855178,0.1696388371756242
Logistic regression,Random under,2,0.6879553892987859,0.24585921010887274,0.224692604390122,0.6395078700941041,0.3279415342302457,0.4619565059300814,0.5,952,3645,5841,516,0.620138762096038,0.2070915814661736,0.6485013623978202,0.6157495256166983,0.3139323990107173,0.6321254440072592,0.6319132901421209,0.1824137979962537
Gradient boosting,Random under,2,0.678890115420344,0.23611668459845797,0.22633499398888746,0.642078587874238,0.3284693116125079,0.4624842833123436,0.5,949,3718,5768,519,0.6132006572941391,0.20334261838440112,0.646457765667575,0.6080539742778832,0.3093724531377343,0.6272558699727291,0.6269618916784093,0.17533627561762313
Logistic regression,SMOTE,2,0.6847480239055864,0.24318375861962063,0.22559517777622756,0.6411641158413454,0.3265178061742821,0.46053277787411784,0.5,963,3679,5807,505,0.6180390724849371,0.2074536837570013,0.6559945504087193,0.6121652962260173,0.31522094926350247,0.6340799233173684,0.6337011111506802,0.1848682258366622
Gradient boosting,SMOTE,2,0.6764553643085666,0.23294499634886218,0.11215520771304664,0.37392932770713005,0.021713287167475726,0.15545005019453673,0.5,38,57,9429,1430,0.8642505020996896,0.4,0.025885558583106268,0.9939911448450348,0.04862444017914267,0.5099383517140705,0.16040578546603304,0.07302847414240486
Logistic regression,ADASYN,2,0.6821792735142165,0.24049753193650564,0.2327646280745458,0.6566672687767799,0.33982894412677905,0.4738439158266148,0.5,993,3943,5543,475,0.5966770129633011,0.20117504051863858,0.6764305177111717,0.5843348091924943,0.31011867582760777,0.630382663451833,0.6286985744366991,0.17854215193633427
Gradient boosting,ADASYN,2,0.6734038287313987,0.2314816586458671,0.11221262465262277,0.37503025293830383,0.020965471446826974,0.15389486057213797,0.5,27,49,9437,1441,0.8639766295417199,0.35526315789473684,0.018392370572207085,0.9948344929369597,0.034974093264248704,0.5066134317545834,0.13526775170790079,0.05428503679823198
Logistic regression,Tomek links,2,0.6895784609586708,0.2473094869720921,0.11000063450140118,0.36810143193034583,0.00869830595917026,0.1411980583969785,0.5,18,24,9462,1450,0.865437283184225,0.42857142857142855,0.01226158038147139,0.9974699557242251,0.02384105960264901,0.5048657680528482,0.11059185340799428,0.05364251883750103
Gradient boosting,Tomek links,2,0.6910752171133021,0.24506350307302932,0.11005917273655703,0.3677165727588628,0.012916845595331765,0.14081332345993025,0.5,20,31,9455,1448,0.8649808289209421,0.39215686274509803,0.013623978201634877,0.9967320261437909,0.026333113890717578,0.5051780021727129,0.11653092034758145,0.05182492924662249
Logistic regression,ENN,2,0.6911406369116454,0.2481301304059415,0.1169161113509514,0.38580465571870354,0.0631761976737436,0.19719116937357928,0.5,134,259,9227,1334,0.8545736717180938,0.34096692111959287,0.09128065395095368,0.97269660552393,0.14400859752821063,0.5319886297374419,0.29797379456606105,0.11718753636876733
Gradient boosting,ENN,2,0.6899221482856422,0.24286714659300784,0.1182545081502015,0.387751341162189,0.06279619693445761,0.1968111686342933,0.5,160,323,9163,1308,0.8511046193171444,0.33126293995859213,0.10899182561307902,0.9659498207885304,0.16401845207585855,0.5374708232008047,0.3244697742754607,0.12435411832978474
Logistic regression,SMOTE-Tomek,2,0.6847470903629096,0.24312674405263812,0.22559958430417149,0.6411719907347616,0.3264891876403128,0.4605041593401485,0.5,963,3676,5810,505,0.6183129450429067,0.20758784220737228,0.6559945504087193,0.6124815517604891,0.3153757982642869,0.6342380510846042,0.6338647806754661,0.18510210524492005
Gradient boosting,SMOTE-Tomek,2,0.6780003774384853,0.23457940985359316,0.11183552482022477,0.3735222033010594,0.02037196584177238,0.15417143418374318,0.5,37,55,9431,1431,0.8643417929523461,0.40217391304347827,0.025204359673024524,0.994201981868016,0.047435897435897434,0.5097031707705203,0.15829789745487866,0.07244350351363471
Logistic regression,SMOTE-ENN,2,0.6873074388701893,0.24375270601393303,0.3613213229059899,0.9972879216377136,0.47619063037452775,0.6102056020743634,0.5,1277,6287,3199,191,0.40861785649077964,0.16882601797990482,0.8698910081743869,0.3372338182584862,0.28277236492471214,0.6035624132164366,0.5416241004196292,0.15263746204429393
Gradient boosting,SMOTE-ENN,2,0.6852619032436156,0.24249226092740228,0.1496326714425108,0.46310580697291615,0.1505417008528036,0.2845566725526393,0.5,504,1371,8115,964,0.7868358590469235,0.2688,0.34332425068119893,0.8554712207463631,0.3015255758300927,0.599397735713781,0.5419446612358827,0.17980072177329517
Logistic regression,None,3,0.6816942621881895,0.2469228728229536,0.11024416032596533,0.36937486496668614,0.00646840154641214,0.1332841725528602,0.5,10,21,9465,1458,0.8649808289209421,0.3225806451612903,0.006811989100817439,0.997786211258697,0.0133422281521014,0.5022991001797572,0.08244336720464643,0.029487684095798366
Gradient boosting,None,3,0.6726169958769009,0.23866418314886995,0.11085421625673177,0.37173433970887465,0.01060344318068806,0.13282392700204865,0.5,14,8,9478,1454,0.8665327734161037,0.6363636363636364,0.009536784741144414,0.999156651908075,0.018791946308724834,0.5043467183246098,0.09761527499285073,0.06615077395011569
Logistic regression,Class weight,3,0.6818026967606357,0.24774680581010405,0.22359126582194958,0.6378369599654738,0.3258649373301805,0.45987990903001624,0.5,919,3563,5923,549,0.6246120138762096,0.20504239178937975,0.6260217983651226,0.6243938435589289,0.3089075630252101,0.6252078209620258,0.6252072910906203,0.17350454695537804
Gradient boosting,Class weight,3,0.6733156448539394,0.24064125520076796,0.2129444146371769,0.6110467163267419,0.3051999601943903,0.43921493189422595,0.5,869,3315,6171,599,0.6426876027022093,0.20769598470363287,0.5919618528610354,0.6505376344086021,0.3075017692852088,0.6212497436348188,0.6205589926996071,0.1700298768871625
Logistic regression,Random over,3,0.682280742422075,0.24887372371253247,0.22342759864227832,0.6375408013139797,0.32562637792756155,0.4596413496273973,0.5,922,3564,5922,546,0.6247945955815227,0.20552831029870708,0.6280653950953679,0.6242884250474383,0.3097077594894188,0.6261769100714031,0.6261740623268296,0.17482350827195559
Gradient boosting,Random over,3,0.6581360973090417,0.2271745584115034,0.19173374010290667,0.5618913435860109,0.25679280970325785,0.3908077814030935,0.5,683,2603,6883,785,0.6907065911995618,0.20785149117468046,0.4652588555858311,0.725595614589922,0.2873369793857804,0.5954272350878765,0.5810247716424876,0.14188356519014783
Logistic regression,Random under,3,0.6814595839214652,0.24704900334671664,0.22427739585061215,0.6394743582468482,0.3261215723071574,0.46013654400699305,0.5,917,3528,5958,551,0.6276246120138762,0.2062992125984252,0.6246594005449592,0.6280834914611005,0.31016404532386266,0.6263714460030299,0.6263691062530751,0.17534384275210224
Gradient boosting,Random under,3,0.6764381296745353,0.23487314733549164,0.22657837068440798,0.6424379230462839,0.327685801765907,0.4617007734657427,0.5,947,3651,5835,521,0.6191345627168158,0.20595911265767725,0.6450953678474114,0.6151170145477546,0.31223211341905704,0.6301061911975829,0.6299278821967521,0.17962059023410423
Logistic regression,SMOTE,3,0.6784117825150042,0.24581910724476067,0.22466976070862152,0.6394635794446905,0.324884616132909,0.4588995878327447,0.5,921,3667,5819,547,0.61530034690524,0.20074106364428945,0.6273841961852861,0.6134303183639047,0.30416116248348746,0.6204072572745953,0.6203680256125572,0.16628084609483595
Gradient boosting,SMOTE,3,0.6658875893974829,0.23427700913866728,0.11247446433396996,0.3763038075421018,0.023956297315677038,0.15433265037228094,0.5,41,52,9434,1427,0.8649808289209421,0.44086021505376344,0.027929155313351498,0.9945182374024879,0.05253042921204356,0.5112236963579198,0.16666149619625603,0.08334779433457108
Logistic regression,ADASYN,3,0.6766593074779353,0.2443654171509554,0.2312191662999892,0.6534061701189503,0.3366549506400995,0.4706699223399352,0.5,957,3928,5558,511,0.5947599050575132,0.19590583418628454,0.6519073569482289,0.5859160868648534,0.30127498819455373,0.6189117219065412,0.6180315587261831,0.16299279189223165
Gradient boosting,ADASYN,3,0.6749320380931372,0.23946007798411767,0.1116580300191028,0.37356634503665354,0.021515354339249327,0.15467611637977702,0.5,26,47,9439,1442,0.8640679203943765,0.3561643835616438,0.017711171662125342,0.995045329959941,0.033744321868916294,0.5063782508110332,0.13275322463321435,0.05341218460344826
Logistic regression,Tomek links,3,0.681631427584951,0.24677791412071026,0.110351528798808,0.36965112698036917,0.009420001638868834,0.1404543027234115,0.5,17,28,9458,1451,0.8649808289209421,0.37777777777777777,0.011580381471389645,0.9970482816782626,0.02247191011235955,0.5043143315748262,0.10745324307450119,0.04595675708015907
Gradient boosting,Tomek links,3,0.6730625829775818,0.24047452571831293,0.11094795455614098,0.3718906812582402,0.013243243016312287,0.14090154726831705,0.5,17,16,9470,1451,0.8660763191528209,0.5151515151515151,0.011580381471389645,0.9983133038161501,0.022651565622918052,0.5049468426437699,0.10752138804049326,0.06149991365687798
Logistic regression,ENN,3,0.6819331773024465,0.2478167176687757,0.11803739852354325,0.3890400308918291,0.06360610439580565,0.1976210760956413,0.5,165,282,9204,1303,0.8553039985393464,0.3691275167785235,0.11239782016348773,0.9702719797596457,0.17232375979112272,0.5413348999615667,0.3302369686917197,0.14235028690747487
Gradient boosting,ENN,3,0.6755309416257199,0.24726306425341213,0.1189147561447179,0.3906278000651554,0.06413413086364368,0.19814910256347937,0.5,166,304,9182,1302,0.8533868906335585,0.35319148936170214,0.11307901907356949,0.9679527725068522,0.17131062951496387,0.5405158957902109,0.33084006713911907,0.13622210716740923
Logistic regression,SMOTE-Tomek,3,0.6784165938503379,0.24584778459566453,0.22466268704310988,0.6394431723628343,0.32482187571478466,0.4588368474146203,0.5,921,3667,5819,547,0.61530034690524,0.20074106364428945,0.6273841961852861,0.6134303183639047,0.30416116248348746,0.6204072572745953,0.6203680256125572,0.16628084609483595
Gradient boosting,SMOTE-Tomek,3,0.6706386035120737,0.23328069643339822,0.11234439957848277,0.3750764909310593,0.02420290809732247,0.15406762668532967,0.5,31,65,9421,1437,0.8628811393098411,0.3229166666666667,0.02111716621253406,0.9931477967531098,0.03964194373401534,0.507132481482822,0.14481873876555967,0.05213924057739695
Logistic regression,SMOTE-ENN,3,0.6788641916583222,0.24653216044028708,0.3631152042359895,1.0042958921247926,0.47705177583053326,0.6110667475303689,0.5,1276,6267,3219,192,0.41035238269125435,0.1691634628132043,0.8692098092643051,0.33934218848829856,0.2832094107202308,0.6042759988763018,0.5431017942625911,0.15342849632584266
Gradient boosting,SMOTE-ENN,3,0.6717269706511417,0.2360091512668263,0.15508231541232775,0.4760140097401939,0.1553156635925211,0.28933063529235675,0.5,499,1460,8026,969,0.7782545188972065,0.25472179683512,0.3399182561307902,0.846088973223698,0.29121680770353076,0.5930036146772442,0.5362845217882857,0.16535472521969027
Logistic regression,None,4,0.6660589303841427,0.23082162314188437,0.11159889444731246,0.374111018585888,0.01292056691345278,0.13396439944763716,0.5,14,23,9463,1454,0.8651634106262552,0.3783783783783784,0.009536784741144414,0.9975753742357157,0.0186046511627907,0.5035560794884301,0.09753800083635404,0.04175933042794735
Gradient boosting,None,4,0.6658665487817698,0.22898682872215653,0.11151612203243268,0.3738736176224503,0.013191306862431116,0.13323107397043515,0.5,9,9,9477,1459,0.8659850283001643,0.5,0.006130790190735695,0.9990512333965844,0.012113055181695828,0.5025910117936601,0.0782622099212013,0.04358514248401307
Logistic regression,Class weight,4,0.6662488704133612,0.2308161253791399,0.22590581284059014,0.643583057439457,0.32548882888565606,0.4595038005854916,0.5,879,3564,5922,589,0.6208690889172905,0.19783929777177583,0.5987738419618529,0.6242884250474383,0.2974116054813061,0.6115311335046456,0.6113980526285383,0.15476355435624053
Gradient boosting,Class weight,4,0.6651730701949409,0.2298534731716704,0.2146371636859138,0.6151582056936596,0.3059798095351467,0.4399947812349825,0.5,848,3317,6169,620,0.6405879130911083,0.2036014405762305,0.5776566757493188,0.6503267973856209,0.3010829043138647,0.6139917365674699,0.6129156678764858,0.15999173432515856
Logistic regression,Random over,4,0.6663628344308923,0.23009353610649802,0.2258464005032711,0.6435324810100994,0.3254649488390189,0.45947992053885456,0.5,879,3564,5922,589,0.6208690889172905,0.19783929777177583,0.5987738419618529,0.6242884250474383,0.2974116054813061,0.6115311335046456,0.6113980526285383,0.15476355435624053
Gradient boosting,Random over,4,0.6562167335657711,0.21950120117592173,0.19315377300634512,0.5660653996875187,0.2592330166262086,0.39324798832604435,0.5,699,2582,6904,769,0.6940843527478546,0.21304480341359341,0.476158038147139,0.727809403331225,0.2943777637397347,0.601983720739182,0.588686926672604,0.15169795348865492
Logistic regression,Random under,4,0.6660127559271343,0.23040911553461194,0.2254882012659969,0.6421733334757824,0.3256588896718034,0.4596738613716391,0.5,888,3599,5887,580,0.6184955267482198,0.19790505905950523,0.6049046321525886,0.6205987771452667,0.2982367758186398,0.6127517046489277,0.6127014566682569,0.15621697898100342
Gradient boosting,Random under,4,0.6607520275110718,0.22231498139913786,0.2277441213001315,0.644467667452439,0.3258611141882943,0.45987608588812984,0.5,906,3712,5774,562,0.6098228957458462,0.19618882633174534,0.6171662125340599,0.6086864853468269,0.29773250082155767,0.6129263489404434,0.6129116843250499,0.1558099980299529
Logistic regression,SMOTE,4,0.6620519497828723,0.22736015597038417,0.2272705990424797,0.6456623669683917,0.32418040581190866,0.45819537751174433,0.5,887,3667,5819,581,0.612196457914917,0.1947738252086078,0.6042234332425068,0.6134303183639047,0.29458651610760545,0.6088268758032058,0.6088094718521407,0.15044724701158674
Gradient boosting,SMOTE,4,0.6559554134272736,0.22289471989568166,0.11395061724980175,0.3804712636046314,0.02765428390823921,0.15525213208202107,0.5,44,81,9405,1424,0.8626072667518715,0.352,0.02997275204359673,0.99146110056926,0.05524168236032643,0.5107169263064284,0.17238566566926017,0.06874729974116073
Logistic regression,ADASYN,4,0.6620609979657387,0.2263736035729348,0.23299978115384942,0.6580869356840569,0.33636342328615815,0.4703783949859938,0.5,929,3898,5588,539,0.5949424867628264,0.1924590843173814,0.6328337874659401,0.589078642209572,0.2951548848292296,0.6109562148377561,0.6105643850281286,0.15227325341901923
Gradient boosting,ADASYN,4,0.6544085332120015,0.21872325911528406,0.11378452692441307,0.38045583344775336,0.025129212247811093,0.1540019711236155,0.5,27,50,9436,1441,0.8638853386890634,0.35064935064935066,0.018392370572207085,0.9947290744254691,0.03495145631067961,0.5065607224988381,0.1352605846349253,0.0535040091138347
Logistic regression,Tomek links,4,0.6659981064882078,0.23078832351482345,0.1118676044885237,0.374730031923982,0.015954031867176414,0.1411751029909714,0.5,28,35,9451,1440,0.8653459923315684,0.4444444444444444,0.01907356948228883,0.9963103520978284,0.036577400391900716,0.5076919607900586,0.1378520755254036,0.06930546657560158
Gradient boosting,Tomek links,4,0.6678438639819703,0.22484281472114293,0.11188552911385859,0.3743178367625248,0.013591721730316763,0.1409062119381996,0.5,12,21,9465,1456,0.8651634106262552,0.36363636363636365,0.008174386920980926,0.997786211258697,0.015989340439706862,0.502980299089839,0.09031218386933296,0.03705153971849187
Logistic regression,ENN,4,0.6660196497807467,0.2299162607706717,0.12124267073740984,0.39778386291257956,0.06449545595950992,0.19851042765934557,0.5,160,327,9159,1308,0.8507394559065181,0.32854209445585214,0.10899182561307902,0.965528146742568,0.1636828644501279,0.5372599861778236,0.3243989448106842,0.12316907513861865
Gradient boosting,ENN,4,0.6652147205605162,0.22350166320795767,0.12199696667923966,0.39774389801869575,0.06510167132772819,0.19906071037437797,0.5,165,420,9066,1303,0.8427058608727406,0.28205128205128205,0.11239782016348773,0.9557242251739405,0.1607403799318071,0.5340610226687141,0.32775191774723333,0.10321573194531798
Logistic regression,SMOTE-Tomek,4,0.6620581255267334,0.22740075213631045,0.22729965135578117,0.645747783884459,0.32415882672841995,0.4581737984282557,0.5,888,3669,5817,580,0.6121051670622604,0.19486504279131006,0.6049046321525886,0.6132194813409234,0.2947717842323651,0.609062056746756,0.6090478674039771,0.15075807296563626
Gradient boosting,SMOTE-Tomek,4,0.651784129314906,0.22283495362444913,0.11411802376299807,0.3813804862280225,0.027878144913724843,0.15478386379676828,0.5,39,70,9416,1429,0.8631550118678109,0.3577981651376147,0.02656675749318801,0.9926207041956567,0.04946100190234623,0.5095937308444224,0.16239062020659792,0.06585580859127535
Logistic regression,SMOTE-ENN,4,0.6628592487652821,0.22654605900265196,0.361127322812736,1.0041782272200601,0.4711403358197272,0.6051553075195628,0.5,1248,6153,3333,220,0.41820339601971884,0.16862586137008512,0.8501362397820164,0.351359898798229,0.28142969895140374,0.6007480692901227,0.5465379979237639,0.146631916178845
Gradient boosting,SMOTE-ENN,4,0.6582665060398775,0.2227559207653872,0.15772620997007938,0.4835498162883237,0.15278399359894065,0.2867989652987763,0.5,465,1464,8022,1003,0.7747854664962571,0.2410575427682737,0.3167574931880109,0.8456672991777356,0.2737709743891669,0.5812123961828732,0.5175629949664245,0.1452670740438827
Logistic regression,None,5,0.6776714831723906,0.25648373980218453,0.10985270127284875,0.36900834786642617,0.005878709038165652,0.13431197918410231,0.5,17,11,9475,1451,0.8665327734161037,0.6071428571428571,0.011580381471389645,0.9988403963736032,0.022727272727272728,0.5052103889224965,0.10754976903294755,0.07030644063229656
Gradient boosting,None,5,0.6790738438002138,0.25195969904519666,0.11001958829843471,0.3693095804264504,0.008257867259880354,0.1347609211904694,0.5,6,3,9483,1462,0.8662589008581341,0.6666666666666666,0.004087193460490463,0.9996837444655281,0.00812457684495599,0.5018854689630092,0.06392105179780856,0.04483579076255692
Logistic regression,Class weight,5,0.6779587988838852,0.25652228266074995,0.2258421170701107,0.6415072200888611,0.32890075705902616,0.46291572875886183,0.5,934,3670,5816,534,0.6162132554318057,0.20286707211120764,0.6362397820163488,0.6131140628294328,0.30764163372859027,0.6246769224228907,0.6245698981585298,0.17209416161879704
Gradient boosting,Class weight,5,0.6775363349171961,0.25247495038155304,0.21951322735797463,0.6256420925056906,0.31906199054529727,0.45307696224513294,0.5,920,3623,5863,548,0.6192258535694724,0.20250935505172793,0.6267029972752044,0.6180687328694919,0.30610547329895194,0.6223858650723482,0.6223708921627025,0.1692511346007784
Logistic regression,Random over,5,0.6782931507840897,0.257448000763227,0.22560643504362854,0.6411574456664646,0.32885270221824503,0.4628676739180808,0.5,936,3627,5859,532,0.6203213438013511,0.20512820512820512,0.6376021798365122,0.6176470588235294,0.3103962858564085,0.6276246193300208,0.6275453059943106,0.17638408648528323
Gradient boosting,Random over,5,0.6673665364302821,0.24068027902600775,0.1921430655082513,0.5637930784688236,0.2628087871322109,0.39682375883204657,0.5,720,2562,6924,748,0.6978272777067738,0.21937842778793418,0.4904632152588556,0.7299177735610373,0.30315789473684207,0.6101904944099464,0.5983291887375475,0.16389100932933745
Logistic regression,Random under,5,0.6779551365241535,0.25520001633332023,0.22623148599398585,0.6428663223042166,0.32955279527784953,0.4635677669776853,0.5,936,3662,5824,532,0.6171261639583714,0.2035667681600696,0.6376021798365122,0.6139574109213578,0.30860534124629085,0.625779795378935,0.6256681097277046,0.17364770175447936
Gradient boosting,Random under,5,0.6731066031053362,0.2420193542441617,0.2288050948471779,0.6473662387826529,0.3329345483855463,0.466949520085382,0.5,945,3756,5730,523,0.6093664414825635,0.20102105934907466,0.6437329700272479,0.6040480708412397,0.30637056248986866,0.6238905204342438,0.6235749022225483,0.17054277328468026
Logistic regression,SMOTE,5,0.676060188512427,0.2509926862691989,0.22655576211619421,0.6423392811743354,0.32721418223277293,0.46122915393260855,0.5,927,3709,5777,541,0.6120138762096038,0.19995685936151855,0.6314713896457765,0.6090027408812988,0.303735255570118,0.6202370652635376,0.6201353135263308,0.16581027006593296
Gradient boosting,SMOTE,5,0.6695511699156824,0.24356680090180985,0.11183931731207915,0.3749269285923988,0.024643920152202424,0.1556275666567537,0.5,37,45,9441,1431,0.8652547014789118,0.45121951219512196,0.025204359673024524,0.9952561669829222,0.04774193548387096,0.5102302633279734,0.15838179945761863,0.08086484309283473
Logistic regression,ADASYN,5,0.6741044884157407,0.2477177522181987,0.23382462216252492,0.6580999912026696,0.3405831863701355,0.4745981580699712,0.5,975,4024,5462,493,0.5876392185503012,0.1950390078015603,0.6641689373297003,0.5757959097617542,0.30153084892531307,0.6199824235457272,0.6184058194302932,0.16412311926029013
Gradient boosting,ADASYN,5,0.6717455696937004,0.24168105636509218,0.11167770848451589,0.37421842350796186,0.02199518491028551,0.154782235115891,0.5,31,35,9451,1437,0.865619864889538,0.4696969696969697,0.02111716621253406,0.9963103520978284,0.04041720990873533,0.5087137591551812,0.1450491341046825,0.0767174416676421
Logistic regression,Tomek links,5,0.6780800158099043,0.25691201704305927,0.10992634516356926,0.3692089049363819,0.011084439694196459,0.14186380976635848,0.5,24,18,9468,1444,0.8665327734161037,0.5714285714285714,0.01634877384196185,0.9981024667931688,0.03178807947019867,0.5072256203175654,0.12774095467275073,0.07965864171654054
Gradient boosting,Tomek links,5,0.6789483541211744,0.2499375235983669,0.11027703378951242,0.3698412588174502,0.01015947507860297,0.14194355890339083,0.5,22,10,9476,1446,0.867080518532043,0.6875,0.014986376021798364,0.9989458148850938,0.029333333333333333,0.5069660954534461,0.12235431176411316,0.08794232221564574
Logistic regression,ENN,5,0.6792530480886504,0.25853325535771987,0.11771542019203964,0.38846590228436967,0.06547526476393767,0.19949023646377334,0.5,161,285,9201,1307,0.8546649625707504,0.3609865470852018,0.10967302452316076,0.969955724225174,0.16823406478578892,0.5398143743741673,0.3261563703644736,0.13726095557158502
Gradient boosting,ENN,5,0.684362398969139,0.2534648749264536,0.11799886125691712,0.3882052242926582,0.0663116770893586,0.20032664878919426,0.5,168,311,9175,1300,0.8529304363702757,0.35073068893528186,0.11444141689373297,0.9672148429264179,0.17257318952234207,0.5408281299100755,0.33270022101758306,0.13603457341132688
Logistic regression,SMOTE-Tomek,5,0.6761034905304303,0.2510543077590589,0.22655275163537728,0.6423397317683336,0.32715751292471634,0.46117248462455196,0.5,926,3706,5780,542,0.612196457914917,0.19991364421416236,0.6307901907356949,0.6093189964157706,0.30360655737704917,0.6200545935757327,0.6199616487880408,0.16557769951879314
Gradient boosting,SMOTE-Tomek,5,0.673442606657969,0.2402215343128088,0.11179736378412586,0.374142972024295,0.022928677873192936,0.1556308525229508,0.5,30,49,9437,1438,0.8642505020996896,0.379746835443038,0.020435967302452316,0.9948344929369597,0.0387847446670976,0.507635230119706,0.14258472978903258,0.06147924649378293
Logistic regression,SMOTE-ENN,5,0.6772905259493267,0.25363959560477317,0.3663283741689899,1.0057913505132805,0.4800521363573934,0.614067108057229,0.5,1278,6379,3107,190,0.4003103888990323,0.16690609899438422,0.8705722070844687,0.3275353152013494,0.2801095890410959,0.599053761142909,0.5339879607752837,0.1471352586896611
Gradient boosting,SMOTE-ENN,5,0.6749622705136669,0.24571887603004186,0.15265236316348402,0.4697691167588662,0.1563732639189929,0.29038823561882854,0.5,491,1416,8070,977,0.7815409895928428,0.2574724698479287,0.33446866485013627,0.8507273877292852,0.290962962962963,0.5925980262897108,0.5334244590616916,0.1663828931663978
