threshold,total_cost,cost_per_loan,approved,declined,tp,fp,tn,fn,precision,recall,f1
0.005853525433217181,38148231.334427014,1625.127005811835,0,23474,3146,20328,0,0,0.13402061855670103,1.0,0.23636363636363636
0.022324882208138455,37934736.76984193,1616.032068238985,118,23356,3145,20211,117,1,0.13465490666209967,0.9996821360457724,0.23734057806957964
0.025272420751541538,37737138.87867054,1607.6143341003044,236,23238,3142,20096,232,4,0.13520957053102678,0.9987285441830897,0.2381746513038205
0.027550835147067618,37531592.65079231,1598.857998244539,354,23120,3140,19980,348,6,0.13581314878892733,0.9980928162746344,0.2390923627503236
0.02993179211075663,37326046.42291407,1590.1016623887735,472,23002,3138,19864,464,8,0.13642291974610904,0.9974570883661793,0.24001835704451585
0.03166734193649066,37152293.54186322,1582.699733401347,590,22884,3132,19752,576,14,0.13686418458311483,0.9955499046408137,0.2406454091432962
0.033046386292612986,36946747.31398498,1573.9433975455815,708,22766,3130,19636,692,16,0.13748572432574893,0.9949141767323586,0.24158690953998146
0.034446209050733034,36758974.394277155,1565.9442103722056,825,22649,3126,19523,805,20,0.1380193386021458,0.9936427209154481,0.24237255282031403
0.03577260131469874,36577273.17651946,1558.2036796676946,943,22531,3121,19410,918,25,0.13852026097376946,0.9920534011443103,0.24309693500019472
0.037158057257534696,36387623.62205492,1550.1245472460987,1061,22413,3117,19296,1032,29,0.13907107482264758,0.9907819453273998,0.24390625611330646
0.03813198284869793,36182077.394176684,1541.3682113903333,1179,22295,3115,19180,1148,31,0.13971742543171115,0.9901462174189447,0.24488031130851776
0.03937106712668695,35968582.829591595,1532.273273817483,1297,22177,3114,19063,1265,32,0.1404157460431979,0.9898283534647171,0.2459424238834261
0.04033673993809813,35755088.26500651,1523.1783362446329,1415,22059,3113,18946,1382,33,0.1411215376943651,0.9895104895104895,0.2470144812537195
0.041615237088650746,35567315.345298685,1515.179149071257,1532,21942,3109,18833,1495,37,0.1416917327499772,0.9882390336935791,0.24784757653061223
0.04268003455581179,35393562.46424783,1507.7772200838301,1650,21824,3103,18721,1607,43,0.14218291788856305,0.9863318499682137,0.24853824589507414
0.043728468135168806,35172119.5629559,1498.3436807938954,1768,21706,3103,18603,1725,43,0.1429558647378605,0.9863318499682137,0.24971833252856912
0.04461510196340097,34982470.00849136,1490.2645483722995,1886,21588,3099,18489,1839,47,0.14355197331851027,0.9850603941513032,0.2505862375677206
0.045530888021689996,34800768.790733665,1482.5240176677885,2004,21470,3094,18376,1952,52,0.14410805775500699,0.9834710743801653,0.2513812154696133
0.04659924331448081,34650860.91980336,1476.137893831616,2122,21352,3085,18267,2061,61,0.14448295241663545,0.9806102987921169,0.25185729447301825
0.047497811317490285,34463088.00009553,1468.1387066582402,2239,21235,3081,18154,2174,65,0.14509065222510006,0.9793388429752066,0.2527377876215085
0.048400633036559074,34297283.45575153,1461.0753793878985,2357,21117,3074,18043,2285,72,0.14556991996969265,0.9771137952956135,0.25338993529242054
0.049290464609514965,34131478.91140753,1454.0120521175568,2475,20999,3067,17932,2396,79,0.14605457402733463,0.9748887476160203,0.2540484572375233
0.05014711564129786,33941829.356943,1445.9329196959613,2593,20881,3063,17818,2510,83,0.146688376993439,0.9736172917991099,0.25496316643775746
0.05118522836861852,33768076.47589214,1438.5309907085345,2711,20763,3057,17706,2622,89,0.14723305880653084,0.9717101080737445,0.25571960349659123
0.052085404992607845,33586375.258134454,1430.7904600040238,2829,20645,3052,17593,2735,94,0.1478324049406636,0.9701207883026065,0.25656760960026903
0.052990868308167814,33430395.685254008,1424.1456796989864,2946,20528,3044,17484,2844,102,0.14828526890101326,0.9675778766687858,0.25715975331587393
0.05396102097424208,33248694.467496317,1416.4051489944754,3064,20410,3039,17371,2957,107,0.14889759921607054,0.9659885568976478,0.25802343352012225
0.054921985458467076,33074941.58644547,1409.003220007049,3182,20292,3033,17259,3069,113,0.14946777054997043,0.9640813731722823,0.2588104787097875
0.05582086808498306,32877343.69527408,1400.5854858683686,3300,20174,3030,17144,3184,116,0.15019331813224943,0.9631277813095995,0.25986277873070324
0.05667957692589542,32695642.477516383,1392.844955163857,3418,20056,3025,17031,3297,121,0.15082768248903072,0.9615384615384616,0.26075338332902337
0.05772925394660932,32545734.60658608,1386.4588313276852,3536,19938,3016,16922,3406,130,0.1512689336944528,0.9586776859504132,0.2613065326633166
0.05862687569306039,32373858.360291947,1379.1368475884785,3653,19821,3010,16811,3517,136,0.15185913929670553,0.9567705022250477,0.2621152087778117
0.05960335021793196,32200105.4792411,1371.7349186010522,3771,19703,3004,16699,3629,142,0.15246409176267572,0.9548633184996821,0.2629436736837498
0.06046048537742452,32058145.94501764,1365.6873964819647,3889,19585,2994,16591,3737,152,0.1528720959918305,0.9516846789574063,0.2634287976771809
0.06146632018973444,31924134.74750103,1359.978476079962,4007,19467,2983,16484,3844,163,0.15323367750552216,0.9481881754609027,0.26383053995489325
0.06242822780917327,31750381.866450183,1352.5765470925357,4125,19349,2977,16372,3956,169,0.15385808052095715,0.9462809917355371,0.26468104023116246
0.06328967409878973,31592525.658813033,1345.851821539279,4243,19231,2969,16262,4066,177,0.1543861473662316,0.9437380801017164,0.2653617553738213
0.06416150374388008,31444494.42263944,1339.5456429513265,4360,19114,2960,16154,4174,186,0.15486031181333054,0.9408773045136681,0.265947888589398
0.06500334170268686,31294586.551709138,1333.1595191151546,4478,18996,2951,16045,4283,195,0.15534849441987786,0.9380165289256198,0.26655225363562457
0.06574708740208882,31128782.007365137,1326.096191844813,4596,18878,2944,15934,4394,202,0.15594872338171417,0.9357914812460267,0.26734471485652017
0.06669341857761384,30970925.799727984,1319.3714662915559,4714,18760,2936,15824,4504,210,0.15650319829424306,0.9332485696122059,0.2680544143157126
0.067519454856249,30821017.928797677,1312.9853424553837,4832,18642,2927,15715,4613,219,0.15701105031648965,0.9303877940241576,0.2686800073434918
0.06850279444648673,30663161.721160527,1306.260616902127,4950,18524,2919,15605,4723,227,0.1575793565104729,0.9278448823903369,0.26940470696815877
0.06935994562611456,30531027.15840063,1300.631641748344,5067,18407,2908,15499,4829,238,0.1579833758896072,0.9243483788938335,0.2698464250916346
0.07035477003143097,30357274.277349785,1293.229712760918,5185,18289,2902,15387,4941,244,0.15867461315544862,0.9224411951684679,0.27077210170282245
0.07126430165228662,30239159.753246866,1288.1979957930846,5303,18171,2889,15282,5046,257,0.1589895988112927,0.9183089637635092,0.27105127363137405
0.07220824843341465,30073355.208902866,1281.134668522743,5421,18053,2882,15171,5157,264,0.15964105688805186,0.916083916083916,0.271899617906505
0.07297056573446041,29979085.694920495,1277.118756706164,5539,17935,2866,15069,5259,280,0.1597992751603011,0.9109980928162746,0.2719036098856791
0.0739421098823547,29821229.487283345,1270.3940311529072,5657,17817,2858,14959,5369,288,0.1604085985294943,0.9084551811824539,0.27267089634117253
0.07480497297241887,29663373.27964619,1263.6693055996502,5775,17699,2850,14849,5479,296,0.16102604666930334,0.9059122695486331,0.2734468697529383
0.07578456558207687,29483548.69664521,1256.0087201433591,5892,17582,2845,14737,5591,301,0.161813218063929,0.9043229497774953,0.2745079120030876
0.07666932346411784,29349537.499128602,1250.2997997413565,6010,17464,2834,14630,5698,312,0.16227668346312413,0.9008264462809917,0.2750121300339641
0.0775411553633971,29223474.638318837,1244.9294810564384,6128,17346,2822,14524,5804,324,0.16268880433529345,0.8970120788302607,0.2754245559242632
0.07831590117581799,29105360.11421592,1239.8977640886053,6246,17228,2809,14419,5909,337,0.163048525655909,0.892879847425302,0.2757435947776578
0.07916235693539411,28971348.916699313,1234.1888436866027,6364,17110,2798,14312,6016,348,0.1635300993571011,0.8893833439287985,0.27626382306477093
0.07993932850111612,28837337.719182704,1228.4799232846,6482,16992,2787,14205,6123,359,0.1640183615819209,0.8858868404322949,0.27679014797894524
0.08080022440146303,28705203.156422805,1222.8509481308172,6599,16875,2776,14099,6229,370,0.1645037037037037,0.8823903369357915,0.2773088257329803
0.08171263119016496,28587088.63231989,1217.8192311629841,6717,16757,2763,13994,6334,383,0.16488631616637822,0.8782581055308328,0.2776465859418178
0.08247185701092813,28461025.771510128,1212.4489124780662,6835,16639,2751,13888,6440,395,0.16533445519562473,0.8744437380801017,0.27808946171341925
0.08339834794469808,28334962.91070037,1207.0785937931487,6953,16521,2739,13782,6546,407,0.16578899582349738,0.8706293706293706,0.27853765190420504
0.08437608301183325,28193003.376476906,1201.031071674061,7071,16403,2729,13674,6654,417,0.16637200512101444,0.8674507310870947,0.2791958667962555
0.08510256317559867,28043095.505546607,1194.644947837889,7189,16285,2720,13565,6763,426,0.1670248695118207,0.8645899554990464,0.2799650043744532
0.08588160093416124,27871219.25925247,1187.3229640986824,7306,16168,2714,13454,6874,432,0.16786244433448788,0.8626827717736809,0.2810396603500052
0.08672325087651829,27745156.398442708,1181.9526454137645,7424,16050,2702,13348,6980,444,0.16834890965732088,0.8588684043229498,0.28151698270473013
0.08758012379698359,27634990.21104664,1177.259530163016,7542,15932,2688,13244,7084,458,0.1687170474516696,0.8544183089637635,0.2817905440821889
0.08856031970407977,27524824.023650575,1172.5664149122679,7660,15814,2674,13140,7188,472,0.16909067914506135,0.8499682136045772,0.28206751054852325
0.0894254511277481,27430554.5096682,1168.550503095689,7778,15696,2658,13038,7290,488,0.16934250764525993,0.8448823903369358,0.28213565438913063
0.09014697116561009,27280646.638737895,1162.1643792595166,7896,15578,2649,12929,7399,497,0.17004750288868917,0.8420216147488875,0.2829523606067079
0.09115086718400908,27148512.075978,1156.535404105734,8013,15461,2638,12823,7505,508,0.17062285751245068,0.8385251112523839,0.28354920191325844
0.09207465661859457,27054242.561995625,1152.519492289155,8131,15343,2622,12721,7607,524,0.17089226357296486,0.8334392879847425,0.2836281031964952
0.09297740493974388,26936128.03789271,1147.4877753213218,8249,15225,2609,12616,7712,537,0.17136288998357962,0.8293070565797839,0.28403461978117683
0.09400256777839067,26818013.5137898,1142.456058353489,8367,15107,2596,12511,7817,550,0.17184086847156946,0.8251748251748252,0.2844463923738564
0.09472081014898695,26644260.632738948,1135.0541293660624,8485,14989,2590,12399,7929,556,0.1727933818133298,0.8232676414494596,0.2856355114419631
0.0955796094848213,26494352.761808645,1128.6680055298903,8603,14871,2581,12290,8038,565,0.1735592764440858,0.8204068658614113,0.2865071876561026
0.09646921466415775,26378114.872462444,1123.7162338102771,8720,14754,2568,12186,8142,578,0.17405449369662465,0.8162746344564527,0.28692737430167603
0.09730984399357584,26204361.991411593,1116.3143048228505,8838,14636,2562,12074,8254,584,0.17504782727521181,0.8143674507310871,0.2881565628163311
0.09810523963390631,26070350.793894984,1110.605384420848,8956,14518,2551,11967,8361,595,0.17571290811406529,0.8108709472345836,0.28883605072463764
0.09899423513358147,25944287.933085226,1105.2350657359302,9074,14400,2539,11861,8467,607,0.17631944444444445,0.8070565797838525,0.2894106918955887
0.09964871588835031,25850018.41910285,1101.2191539193514,9192,14282,2523,11759,8569,623,0.1766559305419409,0.8019707565162111,0.2895340830846913
0.1004569579070018,25739852.231706787,1096.526038668603,9310,14164,2509,11655,8673,637,0.1771392262072861,0.7975206611570248,0.2898902368573079
0.10145771624623455,25655407.68918797,1092.9286738173284,9427,14047,2492,11555,8773,654,0.177404427991742,0.7921169739351558,0.2898854184842668
0.10241152893722537,25529344.82837821,1087.5583551324107,9545,13929,2480,11449,8879,666,0.17804580371885995,0.7883026064844246,0.2904831625183016
0.10335657163856521,25443023.651102684,1083.8810450329165,9663,13811,2463,11348,8980,683,0.17833610889870394,0.7828989192625556,0.290499498732087
0.10412447090105476,25364650.810534008,1080.5423366505072,9781,13693,2445,11248,9080,701,0.17855838749726138,0.777177368086459,0.2903972920007126
0.10510519482960558,25238587.949724246,1075.1720179655895,9899,13575,2433,11142,9186,713,0.17922651933701658,0.7733630006357279,0.2910113031517254
0.10595665161824439,25096628.41550079,1069.124495846502,10017,13457,2423,11034,9294,723,0.18005498996804636,0.770184361093452,0.2918749623562007
0.10678404464304714,24988338.862861432,1064.5113258439735,10134,13340,2409,10931,9397,737,0.1805847076461769,0.7657342657342657,0.2922479679728254
0.10770532188804269,24854327.665344823,1058.802405441971,10252,13222,2398,10824,9504,748,0.18136439267886856,0.7622377622377622,0.29301075268817206
0.10850917474631444,24744161.477948755,1054.1092901912225,10370,13104,2384,10720,9608,762,0.18192918192918192,0.757787666878576,0.29341538461538463
0.10952868650414654,24673736.974086925,1051.1091835258978,10488,12986,2365,10621,9707,781,0.18211920529801323,0.7517482517482518,0.293206050086784
0.11038777513213545,24579467.460104555,1047.093271709319,10606,12868,2349,10519,9809,797,0.18254585017096675,0.7466624284806103,0.29336830273510683
0.11106780928084677,24437507.925881095,1041.0457495902315,10724,12750,2339,10411,9917,807,0.18345098039215688,0.7434837889383344,0.2942878711625566
0.11192833655015468,24313321.699828044,1035.7553761535335,10841,12633,2327,10306,10022,819,0.184200110820866,0.7396694214876033,0.2949489828252741
0.11269044856981693,24163413.82889774,1029.3692523173613,10959,12515,2318,10197,10131,828,0.18521773871354374,0.736808645899555,0.2960219653917374
0.11353385863380668,24029402.63138113,1023.6603319153587,11077,12397,2307,10090,10238,839,0.18609340969589416,0.7333121424030515,0.2968538892105771
0.11442937640456365,23935133.11739876,1019.64442009878,11195,12279,2291,9988,10340,855,0.18657871162146755,0.72822631913541,0.2970502431118314
0.11537908990482412,23793173.5831753,1013.5968979796925,11313,12161,2281,9880,10448,865,0.1875668119398076,0.7250476795931341,0.2980335794081139
0.11627565068370961,23643265.712245,1007.2107741435204,11431,12043,2272,9771,10557,874,0.1886573113011708,0.7221869040050858,0.29916386858911054
0.11708693548597149,23517202.851435237,1001.8404554586026,11549,11925,2260,9665,10663,886,0.18951781970649895,0.7183725365543547,0.29991374162298456
0.11800857107467429,23400964.962089032,996.8886837389891,11666,11808,2247,9561,10767,899,0.19029471544715448,0.7142403051493961,0.30052159957202085
0.11878274681110414,23314643.78481351,993.2113736394952,11784,11690,2230,9460,10868,916,0.19076133447390933,0.7088366179275271,0.3006201132380696
0.11959611546112062,23212425.934124287,988.8568601058314,11902,11572,2215,9357,10971,931,0.19141030072589008,0.7040686586141132,0.30099198260633236
0.12051349038220643,23110208.083435066,984.5023465721678,12020,11454,2200,9254,11074,946,0.19207263837960536,0.6993006993006993,0.30136986301369867
0.12145961062531328,23023886.906159543,980.8250364726737,12138,11336,2183,9153,11175,963,0.19257233592095976,0.6938970120788303,0.30147769645076644
0.12253246280810796,22873979.03522924,974.4389126365016,12256,11218,2174,9044,11284,972,0.1937956855054377,0.6910362364907819,0.3027011974380395
0.12326633318081207,22813379.502830967,971.8573529364816,12373,11101,2154,8947,11381,992,0.19403657328168633,0.6846789574062301,0.30237944830490626
0.1242278133283804,22679368.30531436,966.148432534479,12491,10983,2143,8840,11488,1003,0.19511973049257944,0.6811824539097266,0.30334772453818387
0.1250770737769818,22593047.128038835,962.4711224349849,12609,10865,2126,8739,11589,1020,0.19567418315692592,0.6757787666878576,0.30347584041110554
0.12610158921012926,22506725.950763308,958.7938123354907,12727,10747,2109,8638,11690,1037,0.1962408113892249,0.6703750794659885,0.30360613258475494
0.1271654239529256,22380663.089953545,953.4234936505728,12845,10629,2097,8532,11796,1049,0.19729043183742592,0.6665607120152575,0.304464609800363
0.12818243314754738,22302290.24938487,950.0847852681635,12963,10511,2079,8432,11896,1067,0.19779278850727808,0.6608391608391608,0.3044592516658124
0.12922234654219006,22233742.38027975,947.1646238510586,13080,10394,2060,8334,11994,1086,0.19819126419087935,0.6547997457088366,0.30428360413589367
0.13017543206730128,22139472.86629738,943.1487120344798,13198,10276,2044,8232,12096,1102,0.1989100817438692,0.6497139224411952,0.304574579049322
0.13129171304655152,21997513.33207392,937.1011899153923,13316,10158,2034,8124,12204,1112,0.2002362669816893,0.6465352828989193,0.3057726999398677
0.13227651061524298,21863502.134557314,931.3922695133899,13434,10040,2023,8017,12311,1123,0.20149402390438248,0.6430387794024157,0.3068405885029577
0.133130398274637,21816922.640816025,929.4079679993195,13552,9922,2001,7921,12407,1145,0.20167304978834913,0.6360457724094087,0.30624426078971534
0.13416401969973898,21730601.4635405,925.7306578998252,13670,9804,1984,7820,12508,1162,0.20236638106895144,0.6306420851875397,0.3064092664092664
0.13515860866121837,21638208.584314838,921.7946913314662,13787,9687,1968,7719,12609,1178,0.20315887271601116,0.6255562619198983,0.3067092651757189
0.13626106448916886,21591629.09057355,919.8103898173958,13905,9569,1946,7623,12705,1200,0.2033650329188003,0.6185632549268912,0.30609516319307906
0.13726240526530226,21513256.250004873,916.4716814349865,14023,9451,1928,7523,12805,1218,0.20399957676436356,0.6128417037507946,0.30610462808605227
0.13847673596377527,21403090.06260881,911.7785661842382,14141,9333,1914,7419,12909,1232,0.20507875281260046,0.6083916083916084,0.30675534898629697
0.13959775115469425,21316768.88533328,908.101256084744,14259,9215,1897,7318,13010,1249,0.20586001085187194,0.6029879211697393,0.3069330960278294
0.1406005990013263,21222499.37135091,904.0853442681653,14377,9097,1881,7216,13112,1265,0.2067714631197098,0.5979020979020979,0.30727762803234504
0.14160690356372976,21130106.49212525,900.1493776998062,14494,8980,1865,7115,13213,1281,0.2076837416481069,0.5928162746344564,0.30760349661883557
0.1427393768026576,21011991.96802233,895.1176607319729,14612,8862,1852,7010,13318,1294,0.20898217106747913,0.5886840432294977,0.30846102598267827
0.143888659708963,20909774.117333114,890.7631471983094,14730,8744,1837,6907,13421,1309,0.2100869167429094,0.583916083916084,0.30899915895710683
0.14505629093717265,20807556.266643897,886.4086336646459,14848,8626,1822,6804,13524,1324,0.21122188731741248,0.5791481246026701,0.30954808019028207
0.14612138549171702,20768925.109609455,884.7629338676602,14966,8508,1799,6709,13619,1347,0.2114480488951575,0.5718372536554355,0.30873519821520506
0.1472092675267087,20682603.93233393,881.0856237681661,15084,8390,1782,6608,13720,1364,0.21239570917759237,0.5664335664335665,0.3089459084604716
0.14836491815281158,20622004.39993566,878.504064068146,15201,8273,1762,6511,13817,1384,0.2129819896047383,0.5600762873490146,0.30860845958490235
0.14959084747087617,20519786.549246438,874.1495505344823,15319,8155,1747,6408,13920,1399,0.21422440220723482,0.5553083280356008,0.30917617909919476
0.15088544121745315,20425517.035264067,870.1336387179035,15437,8037,1731,6306,14022,1415,0.21537887271369915,0.5502225047679593,0.3095770365733703
0.15198681735405295,20402782.551643323,869.1651423550875,15555,7919,1706,6213,14115,1440,0.2154312413183483,0.5422759059122696,0.308359692724808
0.153284544945774,20276719.69083356,863.7948236701696,15673,7801,1694,6107,14221,1452,0.21715164722471478,0.5384615384615384,0.3094911847994884
0.15463571397713366,20174501.84014434,859.4403101365059,15791,7683,1679,6004,14324,1467,0.21853442665625405,0.5336935791481247,0.31009326807646137
0.15591963448322618,20090057.297625527,855.8429452852316,15908,7566,1662,5904,14424,1484,0.2196669310071372,0.5282898919262555,0.3103061986557132
0.15721405972592237,19987839.44693631,851.4884317515681,16026,7448,1647,5801,14527,1499,0.22113319011815252,0.5235219326128417,0.31093071549933926
0.15842604729828888,19917414.94307448,848.4883250862434,16144,7330,1628,5702,14626,1518,0.22210095497953616,0.5174825174825175,0.3108056510118366
0.15970651337288022,19823145.429092105,844.4724132696646,16262,7212,1612,5600,14728,1534,0.223516361619523,0.512396694214876,0.31125699942073753
0.16100918349012558,19728875.91510973,840.4565014530856,16380,7094,1596,5498,14830,1550,0.22497885537073584,0.5073108709472346,0.31171875
0.16220884280644107,19634606.40112736,836.4405896365068,16498,6976,1580,5396,14932,1566,0.22649082568807338,0.5022250476795931,0.312191266548113
0.16339313934558258,19542213.5219017,832.5046230681478,16615,6859,1564,5295,15033,1582,0.22802157748942994,0.4971392244119517,0.31264367816091954
0.16467048851255325,19479737.354746718,829.8431181199079,16733,6741,1544,5197,15131,1602,0.22904613558819167,0.4907819453273999,0.3123293213310408
0.16595204039847586,19393416.17747119,826.1658080204137,16851,6623,1527,5096,15232,1619,0.23056016910765514,0.4853782581055308,0.3126215579895588
0.16735212664521035,19299146.66348882,822.1498962038349,16969,6505,1511,4994,15334,1635,0.23228285933897003,0.48029243483788936,0.3131281732462957
0.16873182394513664,19236670.496333838,819.488391255595,17087,6387,1491,4896,15432,1655,0.2334429309534993,0.47393515575333756,0.31280814014476027
0.1702226239533748,19221884.349419944,818.8584966098639,17205,6269,1465,4804,15524,1681,0.2336895836656564,0.46567069294342023,0.3112055231014339
0.17155312010448046,19151459.845558114,815.8583899445392,17323,6151,1446,4705,15623,1700,0.2350837262233783,0.459631277813096,0.3110680864795095
0.17293100301165482,19059066.96633245,811.9224233761801,17440,6034,1430,4604,15724,1716,0.23699038780245277,0.45454545454545453,0.31154684095860563
0.17449720061494045,19028384.146004856,810.6153252962791,17558,5916,1406,4510,15818,1740,0.2376605814739689,0.4469167196439924,0.3103067755462371
0.17599209726210652,18997701.325677264,809.3082272163783,17676,5798,1382,4416,15912,1764,0.23835805450155226,0.4392879847425302,0.3090339892665474
0.17731951094904067,18974966.84205652,808.3397308535623,17794,5680,1357,4323,16005,1789,0.23890845070422534,0.43134138588684046,0.30750056650804436
0.17887917588261987,18896594.001487844,805.001022471153,17912,5562,1339,4223,16105,1807,0.24074074074074073,0.4256198347107438,0.3075333027101516
0.18048547340345414,18865911.18116025,803.6939243912519,18030,5444,1315,4129,16199,1831,0.24155033063923587,0.4179910998092816,0.3061699650756694
0.1820470149194669,18813259.985468827,801.4509664083167,18147,5327,1294,4033,16295,1852,0.24291345973343345,0.4113159567705022,0.30544081199103035
0.18364065092682916,18766680.49172754,799.4666648942464,18265,5209,1272,3937,16391,1874,0.2441927433288539,0.4043229497774952,0.3044883303411131
0.18529285784747657,18704204.324572556,796.8051599460065,18383,5091,1252,3839,16489,1894,0.24592417992535848,0.3979656706929434,0.3039941726356683
0.18672298248228203,18625831.48400388,793.4664515635972,18501,4973,1234,3739,16589,1912,0.24813995576111,0.3922441195168468,0.3039783224535041
0.18838545577543758,18618993.673796833,793.1751586349507,18619,4855,1207,3648,16680,1939,0.2486096807415036,0.38366179275270185,0.3017122859642545
0.19017240315192602,18596259.190176085,792.2066622721345,18737,4737,1182,3555,16773,1964,0.24952501583280556,0.3757151938970121,0.2998858302676646
0.1919887010998722,18599246.351432595,792.3339163087925,18854,4620,1154,3466,16862,1992,0.24978354978354977,0.3668150031786395,0.2971928920937419
0.1937758895861563,18648046.898173478,794.4128353997392,18972,4502,1120,3382,16946,2026,0.24877832074633496,0.35600762873490144,0.2928870292887029
0.19558704258794526,18633260.75125958,793.7829407540079,19090,4384,1094,3290,17038,2052,0.24954379562043796,0.3477431659249841,0.2905710491367862
0.19743687233683518,18650267.95117307,794.5074529766155,19208,4266,1064,3202,17126,2082,0.24941397093295828,0.3382072472981564,0.28710199676200754
0.1992688430885761,18611636.794138633,792.8617531796299,19326,4148,1041,3107,17221,2105,0.2509643201542912,0.3308963763509218,0.2854400877433507
0.2010807268487072,18580953.973811038,791.554655099729,19444,4030,1017,3013,17315,2129,0.2523573200992556,0.32326764144945963,0.28344481605351174
0.2032656708598132,18599837.808481243,792.3591125705565,19561,3913,987,2926,17402,2159,0.2522361359570662,0.3137317228226319,0.27964300892477684
0.20541382244128,18561206.651446804,790.7134127735709,19679,3795,964,2831,17497,2182,0.25401844532279316,0.3064208518753973,0.2777697738078087
0.20759974208212206,18538472.167826056,789.7449164107547,19797,3677,939,2738,17590,2207,0.25537122654337774,0.2984742530197076,0.27524549318481606
0.20988031022388268,18507789.347498465,788.4378183308539,19915,3559,915,2644,17684,2231,0.25709468951952796,0.2908455181182454,0.272930648769575
0.21203412705580216,18516848.21070511,788.8237288363767,20033,3441,886,2555,17773,2260,0.25748328974135426,0.28162746344564527,0.2690147259754061
0.2141983056890421,18454372.04355013,786.1622238881371,20151,3323,866,2457,17871,2280,0.26060788444176947,0.27527018436109346,0.2677384448910187
0.21653914113935113,18401720.847858705,783.9192659052017,20268,3206,845,2361,17967,2301,0.26356830941983783,0.26859504132231404,0.2660579345088161
0.21888387602710588,18378986.36423796,782.9507695423856,20386,3088,820,2268,18060,2326,0.2655440414507772,0.2606484424666243,0.2630734680782804
0.22127934577182276,18356251.880617216,781.9822731795696,20504,2970,795,2175,18153,2351,0.2676767676767677,0.2527018436109345,0.25997383911052974
0.22371509925024372,18365310.74382386,782.3681836850924,20622,2852,766,2086,18242,2380,0.26858345021037866,0.2434837889383344,0.2554184728242747
0.22614653468744222,18358472.93361681,782.0768907564459,20740,2734,739,1995,18333,2407,0.27029992684711046,0.23490146217418945,0.2513605442176871
0.22925485829857012,18319841.776582368,780.4311909594602,20858,2616,716,1900,18428,2430,0.27370030581039756,0.22759059122695485,0.2485248177716071
0.23194440134179234,18306932.264425185,779.8812415619487,20975,2499,690,1809,18519,2456,0.27611044417767105,0.2193261284170375,0.24446412754650135
0.2350140075227926,18300094.454218134,779.5899486333021,21093,2381,663,1718,18610,2483,0.2784544309113818,0.21074380165289255,0.23991315360955312
0.23872441765818256,18261463.297183692,777.9442488363164,21211,2263,640,1623,18705,2506,0.2828104286345559,0.203432930705658,0.23664263264928823
0.24177546673542435,18246677.150269795,777.3143541905852,21329,2145,614,1531,18797,2532,0.2862470862470862,0.19516846789574063,0.23209223209223206
0.24476128403342368,18215994.329942204,776.0072561106844,21447,2027,590,1437,18891,2556,0.29107054760730144,0.18753973299427845,0.2281074811521361
0.24839281731585916,18201208.183028307,775.377361464953,21565,1909,564,1345,18983,2582,0.29544264012572025,0.1792752701843611,0.2231454005934718
0.2520640936779575,18220092.017698508,776.1818189357804,21682,1792,534,1258,19070,2612,0.29799107142857145,0.16973935155753336,0.21628189550425275
0.2565338484093925,18229150.880905155,776.5677294413034,21800,1674,505,1169,19159,2641,0.3016726403823178,0.16052129688493325,0.2095435684647303
0.26119257014772607,18254106.417525493,777.6308433809957,21918,1556,474,1082,19246,2672,0.3046272493573265,0.15066751430387795,0.20161633347511698
0.26633572958519386,18310855.300973225,780.0483641890272,22036,1438,439,999,19329,2707,0.30528511821974963,0.13954227590591228,0.19153577661431065
0.27147891359656123,18327862.500886716,780.7728764116348,22154,1320,409,911,19417,2737,0.3098484848484849,0.13000635727908455,0.1831616659202866
0.276533924411458,18376663.047627598,782.8517955025815,22272,1202,375,827,19501,2771,0.3119800332778702,0.11919898283534647,0.17249310027598896
0.2828611258441726,18371701.872177258,782.6404478221547,22389,1085,348,737,19591,2798,0.3207373271889401,0.11061665607120152,0.16450011817537225
0.2912176667557205,18396657.4087976,783.7035617618471,22507,967,317,650,19678,2829,0.327817993795243,0.10076287349014622,0.15414539265742766
0.30038452682925076,18421612.94541794,784.7666757015396,22625,849,286,563,19765,2860,0.336866902237927,0.09090909090909091,0.14317897371714644
0.30988163301226174,18518103.51239991,788.8772050949948,22743,731,246,485,19843,2900,0.33652530779753764,0.07819453273998729,0.1269022440030952
0.3214842331607252,18519214.038899705,788.924513883433,22861,613,218,395,19933,2928,0.3556280587275693,0.06929434202161475,0.11598829475924448
0.3350843467053448,18496479.555278957,787.9560175206167,22979,495,193,302,20026,2953,0.3898989898989899,0.061347743165924985,0.10601483109035978
0.35697310529597887,18577073.44884723,791.3893434799024,23097,377,155,222,20106,2991,0.41114058355437666,0.04926891290527654,0.08799318762418394
0.3823462704333183,18667492.31387906,795.2412164044927,23214,260,116,144,20184,3030,0.4461538461538462,0.036872218690400506,0.06811509101585436
0.42495086787278114,18811672.90110211,801.3833561004562,23332,142,70,72,20256,3076,0.49295774647887325,0.02225047679593134,0.04257907542579076
0.559926735129541,19011491.8452731,809.8957078160134,23450,24,17,7,20321,3129,0.7083333333333334,0.00540368722186904,0.010725552050473187
